Date,floor1_kWh,floor2_kWh,floor3_kWh,floor4_kWh,floor5_kWh,floor6_kWh,floor7_kWh
2018-07-01,3317.53,191.29,13.64,188.08,26.66,53.43,37.05
2018-07-02,3628.86,1074.12,882.15,817.61,838.1,880.33,988.0
2018-07-03,2887.1,1015.27,777.49,746.98,791.8,786.13,1096.24
2018-07-04,2942.12,1009.11,778.49,740.13,774.94,726.52,918.17
2018-07-05,2800.66,1045.69,776.43,733.69,760.17,758.21,1119.82
2018-07-06,3539.91,1109.32,755.58,723.67,738.03,704.54,1089.26
2018-07-07,3265.64,733.19,38.9,240.36,69.95,73.43,471.87
2018-07-08,2987.86,153.95,14.85,40.49,18.83,115.26,56.03
2018-07-09,2902.19,1155.82,841.42,780.95,826.86,826.77,1057.64
2018-07-10,2899.95,1101.36,762.9,735.44,755.8,726.11,1042.18
2018-07-11,2706.86,1051.71,723.55,713.99,715.02,675.51,1117.59
2018-07-12,3240.68,1077.04,732.05,709.69,686.81,653.38,889.88
2018-07-13,2793.42,1175.69,685.3,704.24,717.84,651.93,997.49
2018-07-14,2424.09,435.34,58.05,210.57,24.94,37.95,125.58
2018-07-15,2476.34,134.98,13.72,46.87,18.87,81.16,58.55
2018-07-16,3054.57,953.99,823.48,729.55,791.32,796.21,1037.22
2018-07-17,2715.66,1036.13,727.65,662.9,679.66,667.93,800.54
2018-07-18,2455.83,1064.2,709.44,692.12,701.43,689.81,972.92
2018-07-19,2791.88,1001.54,699.46,694.35,679.07,645.93,887.57
2018-07-20,3303.05,1048.39,708.1,702.17,712.74,666.27,1010.61
2018-07-21,3032.11,693.15,56.28,261.89,55.44,39.95,206.13
2018-07-22,3188.79,211.09,36.04,49.06,45.86,103.35,315.48
2018-07-23,3337.35,916.19,846.32,783.94,837.42,830.95,971.75
2018-07-24,3251.38,1029.14,791.46,718.27,745.84,712.43,1012.81
2018-07-25,3097.33,929.14,763.99,703.34,729.28,700.17,912.56
2018-07-26,3249.46,1026.86,744.08,704.49,702.59,698.09,867.76
2018-07-27,3068.51,220.51,64.58,92.09,87.39,129.45,147.26
2018-07-28,3118.81,152.95,13.71,26.03,20.17,16.44,14.17
2018-07-29,3385.92,152.8,13.86,43.4,38.67,35.86,10.08
2018-07-30,2736.85,163.22,36.27,39.0,26.94,140.86,36.78
2018-07-31,3055.52,903.27,863.19,808.43,843.25,827.31,974.82
2018-08-01,3247.05,986.9,810.45,704.74,783.69,770.61,1072.49
2018-08-02,2910.95,951.89,784.87,663.9,775.92,745.19,954.84
2018-08-03,3433.66,916.64,761.33,672.7,752.84,729.08,964.21
2018-08-04,3987.4,631.88,66.59,192.02,34.97,221.81,460.96
2018-08-05,3752.63,159.47,16.4,54.14,19.73,148.7,246.98
2018-08-06,3252.16,877.91,791.76,701.09,760.84,720.09,977.61
2018-08-07,3154.7,939.54,777.41,690.35,746.61,721.48,1033.76
2018-08-08,3001.54,930.23,753.06,662.49,724.32,693.49,891.05
2018-08-09,3819.46,877.64,749.14,669.58,727.61,694.5,990.16
2018-08-10,3956.73,896.73,744.26,668.25,697.1,651.06,1004.72
2018-08-11,3638.04,427.38,23.53,60.47,58.65,127.66,427.95
2018-08-12,3372.46,163.33,13.69,27.72,42.16,70.16,41.29
2018-08-13,3172.03,164.44,15.61,45.53,35.47,76.77,71.17
2018-08-14,2813.41,998.87,900.82,799.38,866.68,852.13,1039.89
2018-08-15,3384.38,954.02,816.28,744.44,525.96,755.97,980.58
2018-08-16,3722.05,1003.8,751.22,713.32,421.95,711.35,964.91
2018-08-17,3467.99,574.21,387.3,355.46,220.71,360.01,507.68
2018-08-18,3445.95,222.32,24.43,63.1,31.64,63.17,169.43
2018-08-19,2815.02,176.95,79.26,46.93,37.07,113.98,442.36
2018-08-20,3004.67,1010.53,867.77,758.98,823.98,759.39,1075.31
2018-08-21,3611.56,962.18,804.15,723.52,744.12,736.65,980.32
2018-08-22,2680.68,961.74,767.08,704.88,744.07,725.0,1005.5
2018-08-23,2495.0,883.35,765.57,719.22,746.74,727.17,969.38
2018-08-24,2066.77,935.84,724.96,692.38,722.84,689.86,1020.55
2018-08-25,2229.74,162.17,78.92,95.07,131.25,93.72,390.1
2018-08-26,2155.83,197.22,48.23,44.87,56.54,107.97,80.53
2018-08-27,1981.47,833.87,767.39,699.14,754.32,736.5,894.41
2018-08-28,2014.38,873.94,738.32,689.36,728.41,709.48,897.6
2018-08-29,2275.56,822.43,728.39,672.92,643.84,702.73,935.67
2018-08-30,2495.85,834.22,716.09,662.85,645.77,673.5,912.74
2018-08-31,2243.0,856.47,713.09,661.85,649.73,677.09,914.78
2018-09-01,2672.81,419.98,72.78,172.72,71.51,57.98,392.76
2018-09-02,2469.53,165.47,18.65,42.21,28.78,102.91,27.49
2018-09-03,2624.65,966.25,854.29,772.69,851.43,840.38,1026.98
2018-09-04,1781.28,794.64,740.12,692.9,733.18,679.29,956.67
2018-09-05,1920.58,836.35,724.73,678.3,706.31,694.3,908.48
2018-09-06,2173.47,886.97,730.41,678.05,717.92,671.72,911.61
2018-09-07,1960.99,900.97,764.75,707.2,739.87,708.22,944.34
2018-09-08,2294.16,548.2,339.17,89.86,86.35,107.25,444.79
2018-09-09,2225.68,172.48,68.18,52.84,18.66,102.49,259.34
2018-09-10,1030.92,882.53,770.17,716.55,771.76,735.27,914.39
2018-09-11,2257.57,871.52,754.25,713.62,734.71,724.39,1000.63
2018-09-12,3156.79,904.81,744.11,688.77,719.7,699.37,893.42
2018-09-13,3531.55,840.61,736.3,705.59,726.34,690.36,896.27
2018-09-14,2737.18,877.63,717.46,637.74,667.02,636.46,820.19
2018-09-15,2332.4,427.42,75.08,176.85,26.56,53.07,444.26
2018-09-16,2444.35,166.61,71.07,54.77,20.96,89.98,316.84
2018-09-17,2291.29,969.32,802.47,750.92,790.02,732.07,916.55
2018-09-18,2959.19,960.24,789.32,717.99,768.33,733.15,912.06
2018-09-19,2884.36,825.08,631.0,592.25,598.62,589.83,724.61
2018-09-20,2675.06,867.94,728.43,663.42,724.04,674.66,864.83
2018-09-21,2417.98,972.6,749.67,692.83,739.64,679.44,1025.1
2018-09-22,3075.34,461.38,77.74,89.59,62.42,54.46,351.65
2018-09-23,3148.98,243.74,93.82,76.06,48.02,112.82,539.28
2018-09-24,2709.37,865.56,801.77,729.17,751.24,746.39,945.93
2018-09-25,2951.82,899.9,787.83,708.14,766.12,711.49,1017.86
2018-09-26,3461.24,954.28,784.76,730.65,770.26,722.16,953.07
2018-09-27,2375.9,918.32,783.51,710.8,782.43,745.94,978.57
2018-09-28,2757.44,897.28,748.54,695.18,734.38,720.64,914.57
2018-09-29,2510.19,174.4,68.29,64.65,59.51,54.18,391.43
2018-09-30,2035.36,167.65,14.42,61.85,19.98,84.43,348.5
2018-10-01,2394.24,946.81,825.94,765.98,813.53,801.44,1007.89
2018-10-02,2661.02,915.69,721.31,678.99,691.25,695.19,816.15
2018-10-03,2424.84,891.43,713.9,688.84,710.51,720.48,977.21
2018-10-04,2935.84,853.83,729.2,650.68,725.09,731.84,1011.19
2018-10-05,3414.25,802.0,703.21,624.01,661.64,674.34,859.13
2018-10-06,3034.57,189.24,33.98,84.23,71.92,42.45,371.43
2018-10-07,3420.79,185.6,21.92,57.72,19.11,49.04,410.43
2018-10-08,2709.69,873.42,778.14,749.71,764.14,746.03,954.07
2018-10-09,2516.7,841.97,724.35,679.21,690.05,674.35,885.31
2018-10-10,2556.61,865.31,759.18,721.1,732.99,743.16,926.36
2018-10-11,2937.34,851.53,251.19,715.65,733.84,739.37,919.87
2018-10-12,2568.96,879.58,0.0,700.05,710.71,712.03,945.46
2018-10-13,1898.74,162.94,0.0,50.02,48.34,35.23,353.08
2018-10-14,2198.01,171.55,0.0,42.3,18.88,47.02,481.7
2018-10-15,3133.26,174.06,0.0,63.36,42.84,53.42,287.66
2018-10-16,3025.64,930.8,0.0,832.85,859.81,839.57,970.17
2018-10-17,2391.38,921.7,0.0,762.76,764.4,791.33,955.08
2018-10-18,2527.2,897.6,0.0,745.48,735.64,769.51,972.95
2018-10-19,2596.52,875.39,0.0,689.43,717.03,728.99,953.38
2018-10-20,2167.1,180.68,0.0,53.52,67.35,28.07,181.67
2018-10-21,2445.62,164.36,0.0,40.1,18.73,66.32,45.39
2018-10-22,2166.19,873.4,0.0,711.9,778.75,753.82,889.21
2018-10-23,2298.45,168.38,0.0,43.05,74.66,54.09,12.48
2018-10-24,2803.94,878.96,0.0,709.72,727.93,712.45,842.97
2018-10-25,3136.62,844.44,0.0,691.86,702.74,655.08,888.44
2018-10-26,3007.54,860.09,0.0,727.26,757.33,721.85,943.13
2018-10-27,3133.56,164.82,0.0,81.93,85.32,63.92,307.61
2018-10-28,3409.24,201.72,0.0,47.5,51.38,110.38,59.98
2018-10-29,2668.61,908.88,0.0,142.67,851.11,832.03,986.79
2018-10-30,2962.47,868.92,0.0,0.0,796.37,743.88,976.52
2018-10-31,2403.19,832.55,0.0,0.0,719.09,690.61,928.79
2018-11-01,2895.75,780.61,0.0,0.0,666.47,647.76,842.86
2018-11-02,3206.36,791.91,0.0,0.0,667.55,630.93,851.41
2018-11-03,3137.79,153.5,0.0,0.0,68.96,38.52,38.21
2018-11-04,2930.94,156.55,0.0,0.0,19.54,35.52,44.38
2018-11-05,2600.64,903.72,0.0,0.0,835.88,823.14,991.32
2018-11-06,2590.49,862.64,0.0,0.0,771.92,782.94,974.77
2018-11-07,2877.78,842.85,0.0,0.0,727.69,727.06,929.81
2018-11-08,3074.12,832.08,0.0,0.0,720.3,732.58,933.82
2018-11-09,2442.28,793.5,0.0,0.0,638.06,652.85,818.7
2018-11-10,2044.81,156.85,0.0,0.0,35.81,41.17,39.93
2018-11-11,2230.31,159.9,0.0,0.0,21.88,130.59,9.84
2018-11-12,2674.98,877.62,0.0,0.0,775.48,760.98,976.95
2018-11-13,2779.22,825.77,0.0,0.0,714.98,710.37,929.29
2018-11-14,2638.86,852.17,0.0,0.0,745.99,731.41,936.83
2018-11-15,2712.53,839.55,0.0,0.0,718.12,707.87,918.34
2018-11-16,2679.45,838.2,0.0,0.0,750.64,721.18,935.82
2018-11-17,2942.88,162.13,0.0,0.0,95.38,60.69,472.95
2018-11-18,2985.26,158.99,0.0,0.0,46.72,54.64,10.27
2018-11-19,2431.3,846.45,0.0,0.0,796.59,750.11,941.09
2018-11-20,2384.66,821.99,0.0,0.0,782.02,713.51,931.93
2018-11-21,2045.56,843.56,379.43,123.1,797.55,703.47,985.08
2018-11-22,2106.63,865.81,721.43,620.83,566.62,701.2,971.77
2018-11-23,2623.71,819.1,704.27,611.13,96.43,651.89,971.39
2018-11-24,2228.55,158.67,7.04,48.64,1.8,37.42,74.71
2018-11-25,2229.52,163.91,23.09,29.32,0.0,133.0,32.5
2018-11-26,2403.46,839.75,776.27,716.63,0.01,801.8,973.45
2018-11-27,2469.12,768.22,694.74,706.79,0.28,685.07,897.16
2018-11-28,2107.58,748.51,656.08,642.79,371.94,624.83,810.51
2018-11-29,2720.81,771.17,663.38,667.35,660.75,653.01,881.29
2018-11-30,2396.55,772.36,674.7,677.86,650.48,653.44,883.88
2018-12-01,2864.46,161.38,76.62,45.31,84.13,23.98,33.98
2018-12-02,3074.16,169.76,26.43,71.0,21.7,140.91,43.11
2018-12-03,2500.92,879.78,843.21,840.79,794.81,840.12,975.11
2018-12-04,2454.79,887.71,793.49,783.75,786.26,796.04,970.36
2018-12-05,2190.44,165.53,16.84,44.03,18.41,52.85,30.35
2018-12-06,3127.47,884.77,824.75,780.94,839.17,831.01,986.24
2018-12-07,2429.04,874.51,779.25,637.91,759.72,752.63,966.63
2018-12-08,2888.64,154.78,16.69,24.68,70.04,53.99,10.61
2018-12-09,2593.74,155.77,15.46,24.35,50.52,57.96,10.86
2018-12-10,2854.56,161.13,19.69,20.41,16.46,147.81,21.03
2018-12-11,3079.6,856.17,789.81,681.5,807.24,780.2,958.37
2018-12-12,2743.3,785.75,705.24,624.98,703.69,681.26,879.17
2018-12-13,2613.23,748.84,660.66,680.96,634.6,642.45,845.95
2018-12-14,1960.01,736.84,639.42,650.48,626.08,646.95,795.13
2018-12-15,2412.34,185.89,20.63,36.58,74.7,89.79,48.81
2018-12-16,2220.21,172.18,18.31,36.32,20.79,80.13,21.79
2018-12-17,2548.45,824.18,726.2,733.45,720.81,715.54,920.06
2018-12-18,2618.88,773.6,713.17,709.09,689.72,673.92,904.05
2018-12-19,2515.32,866.82,701.94,701.02,684.61,663.75,890.92
2018-12-20,2643.65,770.39,690.85,705.5,690.29,684.11,890.56
2018-12-21,3034.02,844.91,676.5,700.64,696.47,662.6,905.71
2018-12-22,2068.26,164.06,14.95,74.09,49.25,21.53,111.63
2018-12-23,2258.36,181.45,32.91,69.79,41.49,71.52,24.63
2018-12-24,2361.6,961.17,825.84,817.42,822.99,810.04,966.42
2018-12-25,2989.23,821.2,718.68,722.85,747.11,703.51,904.18
2018-12-26,2548.64,910.23,698.69,706.32,679.61,679.63,872.01
2018-12-27,2857.34,841.99,691.26,674.17,637.02,653.31,844.28
2018-12-28,2756.73,830.27,674.14,635.51,621.48,640.95,870.14
2018-12-29,2860.44,361.5,14.54,38.92,47.32,67.64,26.75
2018-12-30,2638.69,154.52,14.64,39.93,15.79,16.46,10.2
2018-12-31,2011.77,153.86,14.6,31.48,16.1,16.57,10.16
2019-01-01,1968.58,151.61,15.23,25.75,16.06,47.11,10.36
2019-01-02,2336.72,749.85,708.98,686.19,690.24,681.02,794.07
2019-01-03,2422.02,704.51,659.39,629.95,619.82,583.99,754.4
2019-01-04,2397.45,720.93,633.17,595.01,596.6,569.16,755.75
2019-01-05,2837.48,193.1,14.84,58.91,70.69,32.99,55.63
2019-01-06,2959.23,176.21,16.06,54.08,17.52,81.32,15.06
2019-01-07,3020.86,755.69,735.55,700.44,690.88,667.55,891.33
2019-01-08,2979.77,750.58,705.2,698.17,661.7,681.45,887.59
2019-01-09,2864.74,749.59,684.94,654.84,639.33,642.59,878.0
2019-01-10,3075.57,752.49,680.52,589.0,618.71,651.01,868.29
2019-01-11,2645.38,765.47,681.73,584.1,655.58,636.84,891.84
2019-01-12,2088.1,145.65,16.75,27.03,57.8,62.4,9.71
2019-01-13,2335.72,170.59,17.03,47.81,23.26,19.24,11.32
2019-01-14,2681.52,849.44,826.49,804.36,775.45,806.0,983.12
2019-01-15,3104.99,793.62,722.55,708.98,681.18,674.35,901.23
2019-01-16,2419.28,766.07,715.95,719.19,700.14,671.21,932.53
2019-01-17,2404.63,742.64,703.89,683.42,684.58,664.24,937.31
2019-01-18,3014.64,715.99,691.4,622.08,643.19,650.25,886.73
2019-01-19,2145.74,163.99,39.81,28.05,60.54,75.73,66.23
2019-01-20,2264.72,174.7,38.17,59.54,17.47,26.27,15.61
2019-01-21,2278.31,843.93,781.86,784.63,753.84,752.85,973.96
2019-01-22,2057.01,856.88,715.21,741.92,687.4,675.05,890.27
2019-01-23,2471.97,416.21,369.69,714.71,338.94,677.09,366.19
2019-01-24,2375.38,288.69,247.5,706.07,213.37,652.92,189.36
2019-01-25,2398.56,300.5,229.06,678.65,207.61,612.42,177.0
2019-01-26,2172.34,148.06,36.53,66.23,40.03,71.1,28.45
2019-01-27,2252.51,146.03,36.96,54.01,34.29,39.2,27.36
2019-01-28,2239.31,297.42,245.39,741.19,211.39,681.6,160.02
2019-01-29,1792.09,302.74,242.86,703.36,192.91,645.9,165.26
2019-01-30,2251.58,303.76,255.2,709.38,228.09,650.88,150.85
2019-01-31,2367.6,142.17,225.96,665.33,180.32,582.01,137.99
2019-02-01,2520.59,130.46,142.92,620.69,173.69,468.63,80.4
2019-02-02,2910.68,147.46,13.73,37.55,41.73,86.29,5.12
2019-02-03,2785.07,148.67,18.06,60.15,16.18,36.39,19.16
2019-02-04,2520.71,319.38,239.79,814.96,199.9,788.7,154.66
2019-02-05,2794.62,318.03,247.46,776.63,204.81,772.94,152.11
2019-02-06,2549.78,336.59,258.04,733.89,203.77,730.41,146.3
2019-02-07,2438.24,323.42,269.82,731.1,198.59,708.91,151.63
2019-02-08,2825.14,317.89,288.95,725.65,206.08,702.58,159.26
2019-02-09,2685.02,179.9,39.17,38.31,50.5,37.02,42.73
2019-02-10,2514.8,156.14,14.76,50.48,32.27,81.35,3.16
2019-02-11,2887.4,319.48,225.99,839.25,203.23,831.89,172.1
2019-02-12,3388.56,421.37,310.41,751.34,283.52,747.77,346.26
2019-02-13,2883.41,920.75,713.69,754.49,730.25,725.32,983.37
2019-02-14,2973.62,907.47,695.2,747.8,691.65,708.09,966.71
2019-02-15,2267.85,910.59,696.53,723.62,680.91,698.81,1007.17
2019-02-16,2266.34,179.91,69.97,54.52,68.82,51.6,89.82
2019-02-17,1683.65,174.84,15.79,38.4,22.36,83.08,3.58
2019-02-18,2117.43,917.73,770.29,780.12,757.54,747.7,1022.6
2019-02-19,2660.38,184.27,18.4,35.44,20.07,47.9,9.93
2019-02-20,2353.35,947.89,795.34,812.66,797.64,721.02,996.63
2019-02-21,2443.16,955.23,759.29,762.58,744.71,646.29,1013.94
2019-02-22,2354.27,983.07,732.5,745.86,725.53,628.93,1020.87
2019-02-23,2419.31,193.68,64.62,144.35,85.23,112.1,78.83
2019-02-24,2149.57,189.91,51.27,30.95,41.79,79.02,22.43
2019-02-25,2163.93,998.6,834.44,832.47,841.16,853.04,1046.37
2019-02-26,1993.24,969.49,752.93,748.86,751.27,767.74,1018.2
2019-02-27,2240.84,976.56,728.8,714.95,767.67,755.62,1012.84
2019-02-28,2716.45,972.42,722.37,716.65,767.39,736.48,1021.67
2019-03-01,2835.63,1006.8,726.34,718.11,755.12,713.33,999.82
2019-03-02,2779.24,177.74,51.58,16.26,75.97,128.9,48.32
2019-03-03,2753.43,183.86,16.3,30.3,23.99,31.95,4.12
2019-03-04,2299.6,1068.56,844.85,838.12,892.22,861.1,1091.77
2019-03-05,2767.16,1048.53,790.57,763.32,826.98,801.97,1045.81
2019-03-06,2275.32,995.96,745.57,739.84,780.16,758.93,1026.84
2019-03-07,2687.17,1005.39,744.72,733.66,778.99,741.36,1012.31
2019-03-08,2508.89,980.87,737.23,700.32,739.86,744.96,986.16
2019-03-09,2046.52,176.44,68.98,20.24,158.96,84.99,29.04
2019-03-10,1438.22,175.47,17.5,18.41,24.42,80.88,29.25
2019-03-11,2526.62,1047.33,853.43,830.5,852.59,863.22,1014.17
2019-03-12,2338.88,1009.8,794.67,773.15,813.68,797.95,1007.33
2019-03-13,2315.37,1021.11,794.78,765.99,807.58,778.8,955.15
2019-03-14,2470.5,995.83,750.58,736.03,778.57,784.85,933.24
2019-03-15,1902.25,978.66,735.6,721.95,763.21,755.42,915.88
2019-03-16,2354.96,169.92,17.89,130.38,159.69,80.98,30.58
2019-03-17,2559.21,176.85,17.94,25.48,36.05,22.25,37.32
2019-03-18,2171.13,1003.85,859.13,819.01,849.03,845.98,999.16
2019-03-19,2383.9,984.51,789.7,758.69,817.76,806.64,1032.68
2019-03-20,2513.19,978.98,780.89,736.87,784.12,774.01,1043.84
2019-03-21,2463.42,1002.45,594.91,702.28,792.62,746.4,979.53
2019-03-22,2399.24,1003.43,589.31,696.08,793.0,767.76,967.86
2019-03-23,2836.5,199.92,16.48,30.22,63.14,63.02,8.79
2019-03-24,2596.82,199.92,16.05,18.52,28.92,24.23,4.88
2019-03-25,2212.94,979.5,453.39,803.04,849.01,828.55,1042.51
2019-03-26,1931.81,990.15,272.06,702.16,785.51,777.64,1039.96
2019-03-27,1943.99,1000.89,265.98,698.02,772.32,735.47,1036.16
2019-03-28,2146.02,977.69,273.47,662.13,778.35,720.61,1041.06
2019-03-29,1900.69,968.86,269.06,669.39,779.98,757.35,1130.52
2019-03-30,2351.22,149.7,75.13,49.06,138.88,67.87,54.7
2019-03-31,2415.61,171.8,47.2,36.34,75.79,99.89,48.08
2019-04-01,2394.98,1027.33,269.62,798.87,905.26,848.44,1278.23
2019-04-02,2327.57,1012.43,269.64,701.62,848.63,781.28,1056.75
2019-04-03,1927.52,963.04,262.55,643.28,781.45,734.38,1229.42
2019-04-04,1972.47,965.57,841.42,573.83,768.4,765.95,1124.26
2019-04-05,2653.34,982.39,826.86,569.86,761.85,718.07,1185.12
2019-04-06,2691.05,153.65,22.23,15.07,59.53,121.23,106.2
2019-04-07,2566.97,153.23,18.51,16.58,20.53,70.24,63.73
2019-04-08,2321.58,150.42,21.72,14.95,34.52,48.0,26.5
2019-04-09,2543.06,1029.12,969.71,722.68,945.02,889.84,1302.19
2019-04-10,2525.31,1052.17,899.18,660.16,878.77,825.66,1316.46
2019-04-11,1942.11,1040.21,863.52,625.42,817.66,792.54,1268.99
2019-04-12,2740.52,222.25,19.75,6.1,19.29,70.55,42.4
2019-04-13,2708.29,144.17,13.67,8.41,19.84,18.82,5.6
2019-04-14,2768.33,162.49,13.66,6.21,20.48,19.17,5.55
2019-04-15,2391.13,154.69,13.71,9.52,21.21,19.54,5.72
2019-04-16,3118.62,153.98,20.57,6.96,26.23,40.45,5.77
2019-04-17,2269.39,1039.0,1053.38,787.65,1042.17,984.99,1339.18
2019-04-18,2135.01,1032.32,977.32,752.79,986.86,928.88,1242.51
2019-04-19,2665.02,1063.01,939.9,706.63,942.85,860.38,1221.62
2019-04-20,2696.55,185.35,76.65,247.78,46.99,91.84,252.95
2019-04-21,2672.28,194.02,31.01,30.9,31.95,61.74,43.83
2019-04-22,2600.74,1066.62,1016.61,834.94,999.16,951.87,1397.98
2019-04-23,2351.21,1095.2,905.13,725.14,902.27,839.77,1179.96
2019-04-24,2385.14,1105.25,926.36,738.13,916.07,857.37,1268.8
2019-04-25,2539.22,1037.55,913.62,715.65,879.35,862.62,1218.62
2019-04-26,2578.05,1033.48,908.24,754.8,867.86,850.43,1140.72
2019-04-27,2664.15,169.4,351.63,70.65,62.95,281.08,144.69
2019-04-28,2519.46,185.29,36.22,25.43,56.71,107.85,39.25
2019-04-29,2720.58,1066.39,988.1,930.76,1004.71,953.91,1193.52
2019-04-30,3148.98,1095.24,939.26,861.29,950.42,891.94,1315.05
2019-05-01,3230.28,1180.14,901.15,834.12,915.65,866.17,1314.77
2019-05-02,2928.24,1117.92,888.77,834.39,939.96,872.46,1375.89
2019-05-03,3282.49,1050.63,886.82,823.88,895.15,872.55,1305.06
2019-05-04,3374.91,155.49,59.2,270.14,106.01,112.03,808.15
2019-05-05,3189.31,177.49,16.73,17.37,24.47,35.07,426.77
2019-05-06,2891.02,157.57,17.37,16.85,21.67,48.16,31.49
2019-05-07,2873.96,1061.45,997.64,960.94,1039.91,949.44,1190.71
2019-05-08,2705.11,1096.5,926.5,898.83,961.07,867.8,1242.57
2019-05-09,2917.38,535.96,245.81,207.99,230.27,240.02,418.25
2019-05-10,2882.26,1127.31,905.48,852.77,895.28,856.57,1125.27
2019-05-11,2106.24,154.33,57.94,16.75,45.27,69.38,144.1
2019-05-12,2283.5,148.17,18.87,33.15,25.97,50.01,72.11
2019-05-13,2181.55,1083.66,879.61,826.84,871.85,850.04,1025.68
2019-05-14,2436.16,997.09,798.44,710.94,653.78,805.26,1233.48
2019-05-15,2488.55,970.58,729.43,704.0,654.7,776.91,1210.74
2019-05-16,2543.66,943.9,774.74,679.37,616.89,752.33,1105.81
2019-05-17,2701.17,1011.15,844.7,746.79,681.97,787.76,1190.18
2019-05-18,3098.28,183.92,50.43,48.59,30.35,52.95,410.07
2019-05-19,3291.11,186.02,16.99,16.54,18.58,132.52,59.41
2019-05-20,3124.0,187.28,28.77,37.61,25.31,331.41,29.36
2019-05-21,2959.74,1169.71,1064.8,1023.58,906.75,943.9,1451.35
2019-05-22,2782.02,1078.23,904.72,821.2,750.44,779.91,1478.23
2019-05-23,2456.28,1028.35,880.05,778.53,733.13,784.05,1180.02
2019-05-24,2736.76,1014.51,803.75,751.19,701.58,738.14,1127.49
2019-05-25,2920.01,159.06,21.01,282.74,73.18,133.24,76.16
2019-05-26,2959.29,181.83,42.72,34.55,36.99,38.44,58.16
2019-05-27,2474.07,1120.91,946.95,925.69,889.57,884.2,1216.57
2019-05-28,2754.43,1052.27,862.57,830.63,873.96,824.15,1233.72
2019-05-29,2754.21,1046.62,807.99,771.62,799.05,722.02,1144.3
2019-05-30,2565.03,967.33,714.99,709.02,692.32,698.56,981.84
2019-05-31,3014.94,980.72,752.53,737.83,776.53,722.17,1255.48
2019-06-01,2733.33,163.88,20.55,213.49,66.57,114.43,705.55
2019-06-02,2687.33,166.69,15.8,45.55,25.81,70.08,63.09
2019-06-03,2995.91,165.73,21.98,48.53,33.24,58.88,39.85
2019-06-04,2983.86,1096.29,993.16,995.1,1003.66,922.17,1010.11
2019-06-05,2786.53,1103.2,887.74,871.34,888.29,857.04,1161.59
2019-06-06,2835.08,1005.88,802.85,784.29,807.02,741.17,1029.1
2019-06-07,2978.46,921.22,721.47,721.68,717.08,656.88,942.71
2019-06-08,2737.44,369.39,61.17,55.04,65.27,44.35,183.98
2019-06-09,2998.42,170.54,21.79,42.03,24.54,76.86,80.93
2019-06-10,2767.78,1049.04,885.46,873.74,870.04,842.13,941.22
2019-06-11,3032.83,948.8,756.31,723.52,752.73,732.36,993.99
2019-06-12,2080.34,968.75,782.86,752.49,787.73,755.43,1041.67
2019-06-13,3067.17,1004.34,801.93,770.34,802.4,754.64,1036.89
2019-06-14,2551.22,1063.52,776.78,770.85,815.78,788.44,1061.79
2019-06-15,2790.63,571.55,21.28,62.2,73.64,95.08,188.85
2019-06-16,2589.11,486.54,18.51,33.65,21.84,73.38,68.72
2019-06-17,2215.51,986.47,833.83,825.91,832.54,824.05,910.01
2019-06-18,2896.41,929.01,780.6,761.17,773.88,791.3,1030.68
2019-06-19,2385.31,894.6,766.51,739.22,745.35,762.92,1080.74
2019-06-20,2521.86,918.13,792.47,767.62,764.12,760.06,1025.24
2019-06-21,2489.38,995.28,801.24,812.19,809.25,799.54,1076.2
2019-06-22,2014.62,143.51,113.37,29.81,97.63,69.16,252.17
2019-06-23,1838.19,140.41,95.87,37.15,37.16,87.22,61.01
2019-06-24,2497.92,976.2,916.97,911.25,907.32,929.83,996.32
2019-06-25,2636.51,894.91,819.07,814.55,810.45,833.41,1052.08
2019-06-26,2976.98,946.97,820.98,803.46,820.38,808.57,1041.14
2019-06-27,2795.55,894.31,781.77,748.53,794.99,764.8,998.7
2019-06-28,2952.8,846.38,736.04,732.54,791.17,724.12,1044.24
2019-06-29,3182.35,132.66,143.97,66.85,97.62,82.67,702.36
2019-06-30,3029.88,153.79,69.11,49.49,45.76,79.74,95.24
2019-07-01,2439.57,925.34,835.27,807.6,784.04,776.58,980.72
2019-07-02,2291.62,982.71,789.65,798.41,798.78,757.99,1036.46
2019-07-03,3121.88,875.67,692.19,693.0,695.13,645.5,842.92
2019-07-04,2876.44,876.5,684.69,686.18,719.43,669.76,820.18
2019-07-05,2905.98,774.41,627.3,606.45,619.23,594.56,733.67
2019-07-06,2934.5,414.64,58.57,64.91,111.96,71.89,570.81
2019-07-07,2654.21,356.39,17.59,41.55,24.29,101.18,34.21
2019-07-08,2491.0,936.47,829.65,830.11,862.95,776.86,1036.68
2019-07-09,2246.15,859.84,782.44,770.2,798.68,735.98,1043.04
2019-07-10,2148.35,863.91,761.1,768.0,769.69,692.69,1025.56
2019-07-11,2179.12,863.82,791.59,777.35,804.41,731.33,1041.95
2019-07-12,2117.64,898.66,813.24,786.76,815.73,752.98,1081.04
2019-07-13,2098.05,377.08,60.49,69.16,97.05,146.59,604.13
2019-07-14,2036.74,384.24,49.37,38.74,26.4,107.19,50.26
2019-07-15,2560.51,928.56,892.0,909.24,924.67,882.66,1069.5
2019-07-16,1647.77,133.4,53.61,30.58,60.54,51.26,46.01
2019-07-17,1809.58,134.29,18.46,39.93,52.24,45.71,55.28
2019-07-18,2451.77,969.81,959.49,940.29,983.53,944.87,1103.91
2019-07-19,2625.37,1050.1,882.49,887.07,917.08,885.15,1088.83
2019-07-20,2745.41,439.03,24.79,261.94,131.36,108.21,769.25
2019-07-21,2456.52,426.02,41.77,51.11,61.93,105.53,66.32
2019-07-22,2633.1,968.44,910.89,938.04,972.18,949.94,1091.24
2019-07-23,3122.61,955.61,845.65,885.85,910.19,882.16,1104.7
2019-07-24,2243.58,898.2,790.5,795.92,793.71,806.71,1052.73
2019-07-25,2563.03,864.48,762.63,760.53,775.2,773.77,1017.9
2019-07-26,2928.29,840.44,732.73,726.89,736.24,716.38,954.84
2019-07-27,2606.05,146.82,52.96,249.05,111.79,84.87,878.25
2019-07-28,1916.01,397.25,60.28,27.08,20.68,37.64,29.1
2019-07-29,2323.36,437.0,18.11,29.05,49.16,76.74,38.11
2019-07-30,2685.77,945.19,898.52,922.85,959.69,934.11,1089.63
2019-07-31,2592.83,978.22,810.91,842.61,867.81,821.86,1096.12
2019-08-01,2085.08,907.56,733.74,762.56,787.87,725.63,947.83
2019-08-02,2616.82,893.56,728.06,749.41,786.97,687.99,905.76
2019-08-03,2607.68,347.56,59.85,60.66,91.86,55.09,664.93
2019-08-04,2120.34,131.51,31.19,33.28,26.43,40.1,37.0
2019-08-05,2094.83,924.25,764.2,799.18,814.18,766.3,897.9
2019-08-06,2610.43,900.74,726.97,758.29,746.46,728.87,928.42
2019-08-07,2354.73,856.87,703.7,741.31,727.11,691.35,974.09
2019-08-08,2260.72,888.69,700.48,745.56,732.95,696.44,974.45
2019-08-09,2743.51,876.94,691.57,697.14,716.57,677.34,947.02
2019-08-10,2514.13,178.69,69.23,69.51,57.85,58.93,502.55
2019-08-11,2517.47,139.73,39.27,26.85,30.05,50.62,36.33
2019-08-12,2748.29,146.07,24.07,40.02,41.14,130.68,43.03
2019-08-13,2649.95,923.3,812.89,877.76,873.2,859.99,1043.06
2019-08-14,2407.78,1026.68,763.57,807.68,822.21,719.83,1041.25
2019-08-15,2112.38,967.99,753.75,811.03,587.51,700.77,1050.88
2019-08-16,2143.52,979.87,750.59,768.55,546.61,678.69,1043.16
2019-08-17,2386.27,146.01,30.03,46.48,31.55,147.94,39.92
2019-08-18,2782.96,148.66,19.76,42.67,22.62,38.59,749.64
2019-08-19,2611.09,1064.76,865.25,898.76,915.29,847.73,1105.47
2019-08-20,2778.49,946.39,787.45,800.62,817.01,751.14,1080.64
2019-08-21,2853.12,913.7,732.35,755.32,746.88,698.11,1007.0
2019-08-22,2747.27,903.57,759.69,755.2,716.97,706.79,1033.94
2019-08-23,2889.15,908.45,734.89,732.32,693.6,681.12,945.94
2019-08-24,2735.53,396.08,83.23,276.79,65.53,125.65,240.25
2019-08-25,2309.54,166.0,70.13,62.37,46.63,88.98,79.96
2019-08-26,2747.29,923.7,762.84,824.78,826.46,782.73,1013.27
2019-08-27,3122.49,916.07,744.66,786.33,782.29,737.8,987.64
2019-08-28,2280.24,932.01,731.79,782.39,777.87,724.43,1024.64
2019-08-29,2333.93,886.84,699.92,729.37,740.34,697.39,936.2
2019-08-30,2279.7,847.1,659.36,664.64,656.23,665.65,959.61
2019-08-31,3268.81,499.66,73.55,169.46,83.88,107.26,535.33
2019-09-01,2642.83,355.27,55.72,72.0,33.38,62.0,208.36
2019-09-02,2465.27,898.49,747.69,772.23,767.12,712.75,963.24
2019-09-03,2691.16,837.41,692.52,692.95,699.86,672.03,876.73
2019-09-04,2167.58,824.11,661.07,661.68,693.15,646.16,820.83
2019-09-05,1936.53,876.85,698.98,689.52,713.48,672.31,908.11
2019-09-06,2488.61,942.31,681.78,653.86,656.76,646.83,901.23
2019-09-07,2564.89,450.75,80.64,218.11,98.02,61.25,564.54
2019-09-08,2629.91,166.19,71.13,40.3,22.11,80.78,70.96
2019-09-09,2201.38,972.8,781.11,781.74,805.7,745.9,983.27
2019-09-10,2252.34,928.34,755.0,738.87,785.11,716.47,1043.09
2019-09-11,2290.28,868.39,743.07,720.0,740.47,724.75,996.65
2019-09-12,1938.71,956.54,729.17,735.66,737.92,719.86,1020.51
2019-09-13,2163.79,1018.1,751.88,741.58,777.02,692.4,1046.21
2019-09-14,2129.48,421.96,353.38,334.48,331.59,71.73,88.99
2019-09-15,1712.72,157.99,305.73,58.16,22.27,61.04,84.56
2019-09-16,1770.28,757.99,653.57,643.36,665.17,645.37,847.57
2019-09-17,2009.0,962.51,734.63,733.1,766.26,702.39,1026.53
2019-09-18,2340.82,941.12,812.22,750.07,754.79,705.61,1021.92
2019-09-19,2279.43,889.23,763.39,692.35,698.59,675.24,951.33
2019-09-20,1931.71,849.72,643.33,654.73,669.16,701.76,863.06
2019-09-21,2124.99,405.86,241.47,209.02,105.56,54.43,287.61
2019-09-22,2202.81,409.2,76.94,55.14,79.92,106.42,79.4
2019-09-23,1992.27,841.82,656.13,686.64,687.76,650.82,799.7
2019-09-24,2273.49,863.02,677.26,689.6,684.44,678.4,872.12
2019-09-25,2316.98,900.6,735.56,707.38,731.47,734.27,975.09
2019-09-26,2510.51,936.6,742.3,744.99,725.3,762.84,1014.79
2019-09-27,2115.11,868.19,755.83,712.84,720.84,712.03,992.52
2019-09-28,2013.49,439.84,52.26,95.56,46.77,37.67,76.44
2019-09-29,1795.87,441.68,17.1,35.43,46.17,99.61,69.99
2019-09-30,2088.0,1022.25,862.96,876.04,935.15,862.08,1062.64
2019-10-01,2372.64,998.16,761.33,769.15,829.24,758.58,1029.13
2019-10-02,2362.74,984.7,772.59,760.36,801.96,741.93,1045.29
2019-10-03,2553.58,981.37,769.36,707.82,820.16,741.26,1052.07
2019-10-04,2016.7,816.89,705.18,649.03,695.43,684.0,990.08
2019-10-05,2047.97,155.47,63.31,47.26,80.7,51.73,396.75
2019-10-06,1559.68,154.23,25.63,49.6,24.46,127.74,28.43
2019-10-07,2107.74,867.03,746.72,746.63,782.1,714.88,984.35
2019-10-08,2442.93,845.79,721.21,713.72,729.24,684.75,990.76
2019-10-09,2116.23,832.71,716.54,701.54,696.34,667.04,992.5
2019-10-10,2098.04,849.27,698.82,700.03,716.9,664.54,977.74
2019-10-11,2211.76,855.44,694.46,691.43,705.41,690.93,992.48
2019-10-12,2782.15,161.51,21.5,46.75,112.67,49.32,101.17
2019-10-13,2623.54,163.09,16.38,26.09,21.45,36.53,13.68
2019-10-14,2601.13,159.5,17.7,27.84,46.9,104.6,61.31
2019-10-15,2726.0,960.13,872.18,849.78,893.68,912.86,1067.7
2019-10-16,2306.59,918.02,814.9,787.08,800.51,787.04,1041.97
2019-10-17,2346.38,908.39,779.11,763.79,795.54,761.01,1028.76
2019-10-18,2499.38,894.52,777.13,729.44,737.52,766.31,1050.37
2019-10-19,2558.93,163.41,49.03,186.3,27.65,80.66,12.34
2019-10-20,2467.97,169.18,19.55,54.07,25.43,50.05,41.48
2019-10-21,2064.08,984.49,888.75,836.63,894.78,871.75,1103.23
2019-10-22,2485.42,948.73,815.98,765.89,841.01,479.29,1044.42
2019-10-23,2126.5,179.62,18.29,38.0,159.88,0.0,45.94
2019-10-24,2444.37,982.24,857.18,816.93,877.8,0.0,1093.04
2019-10-25,2897.57,963.48,831.34,790.94,862.62,0.0,1108.68
2019-10-26,2559.35,196.02,62.58,63.1,45.26,0.0,64.15
2019-10-27,2661.56,414.69,38.79,54.52,41.89,0.0,60.57
2019-10-28,2668.45,977.8,900.52,868.73,899.38,0.0,1092.96
2019-10-29,2599.63,909.12,780.56,763.49,811.6,0.0,1029.06
2019-10-30,1924.84,881.53,754.54,738.47,760.95,0.0,1006.98
2019-10-31,2235.13,837.61,719.34,701.14,691.29,0.0,955.86
2019-11-01,3058.51,756.93,641.6,613.28,600.29,0.0,763.86
2019-11-02,2627.32,168.59,83.81,71.38,63.21,0.0,152.0
2019-11-03,2697.41,177.45,17.91,48.49,26.24,0.0,27.06
2019-11-04,2357.13,848.6,737.47,727.57,746.64,0.0,932.99
2019-11-05,2647.1,822.01,702.41,711.54,722.47,0.0,899.78
2019-11-06,2826.37,823.71,714.21,705.14,701.66,0.0,973.09
2019-11-07,2047.62,851.87,738.09,716.43,716.29,0.0,997.94
2019-11-08,1955.35,830.16,704.33,700.56,695.0,0.0,970.81
2019-11-09,1793.77,164.52,28.28,67.76,20.24,0.0,263.03
2019-11-10,1756.32,161.56,17.45,61.98,24.4,0.0,42.75
2019-11-11,2193.12,861.53,751.11,213.42,769.36,0.0,944.03
2019-11-12,2756.38,870.03,745.3,224.67,736.06,0.0,1014.02
2019-11-13,2192.86,848.99,712.36,225.22,690.77,0.0,958.24
2019-11-14,2676.56,834.48,684.24,666.05,644.47,0.0,947.95
2019-11-15,2256.4,826.31,690.38,670.89,662.84,0.0,943.56
2019-11-16,2276.17,182.66,71.98,71.99,83.61,0.0,44.55
2019-11-17,2346.18,202.04,18.84,36.77,22.31,0.0,103.24
2019-11-18,2190.33,934.5,815.49,787.93,808.7,0.0,1069.19
2019-11-19,2181.04,881.57,788.41,767.19,774.01,0.0,1034.88
2019-11-20,2079.7,857.07,730.83,728.56,727.89,0.0,970.52
2019-11-21,2273.87,836.96,706.22,700.3,686.86,0.0,968.87
2019-11-22,2626.08,835.45,695.19,665.44,667.03,0.0,932.65
2019-11-23,1920.73,178.19,51.68,93.4,81.59,0.0,506.88
2019-11-24,1678.01,193.4,42.04,53.85,46.75,0.0,83.83
2019-11-25,1804.48,915.48,816.91,794.49,813.24,0.0,1057.31
2019-11-26,1977.48,868.94,748.81,721.63,733.43,0.0,984.05
2019-11-27,1980.81,904.93,751.08,733.18,739.03,0.0,1021.99
2019-11-28,1849.74,895.53,775.88,738.22,760.19,0.0,1038.2
2019-11-29,2437.79,853.02,726.8,705.36,706.85,0.0,1008.89
2019-11-30,2226.19,165.79,74.45,63.07,67.79,0.0,64.52
2019-12-01,1987.37,168.25,31.92,77.42,26.46,0.0,31.41
2019-12-02,2198.11,919.16,836.35,822.56,816.51,0.0,1085.03
2019-12-03,2410.06,797.69,716.98,685.38,669.62,0.0,897.94
2019-12-04,1994.43,723.59,599.85,591.86,578.03,0.0,731.61
2019-12-05,1776.62,136.61,20.13,56.55,20.72,0.0,84.86
2019-12-06,2299.43,673.61,555.36,571.61,551.04,0.0,656.13
2019-12-07,2244.35,144.77,31.3,28.46,34.56,0.0,38.2
2019-12-08,2067.29,169.76,18.28,25.91,25.08,0.0,17.42
2019-12-09,1971.84,656.77,529.35,583.52,540.44,0.0,647.57
2019-12-10,1459.6,139.8,17.65,45.62,19.92,0.0,42.8
2019-12-11,1813.91,724.09,567.36,614.01,591.53,0.0,738.31
2019-12-12,1920.13,740.25,587.9,595.01,595.25,0.0,753.55
2019-12-13,1933.15,735.59,588.16,589.47,591.59,0.0,736.32
2019-12-14,1964.62,155.01,57.37,97.79,68.65,0.0,52.76
2019-12-15,2209.12,159.36,18.39,64.65,20.56,0.0,24.51
2019-12-16,2459.53,878.54,728.94,778.41,763.37,0.0,1028.77
2019-12-17,2796.26,873.1,722.89,748.41,737.99,0.0,1027.11
2019-12-18,1920.78,894.43,718.0,733.47,714.07,0.0,1003.77
2019-12-19,2133.77,867.95,727.15,708.23,732.63,0.0,1011.62
2019-12-20,2553.43,872.12,731.54,693.97,707.98,0.0,1049.01
2019-12-21,1760.44,172.3,45.04,66.0,44.22,0.0,51.35
2019-12-22,1909.63,205.95,44.55,57.9,53.82,0.0,70.33
2019-12-23,2380.1,938.16,807.19,820.28,812.99,0.0,1050.25
2019-12-24,1913.93,910.55,769.23,735.55,758.55,0.0,1023.22
2019-12-25,2266.88,895.61,729.96,689.1,705.61,0.0,987.94
2019-12-26,2394.81,896.07,714.84,662.49,705.51,0.0,957.42
2019-12-27,2420.71,867.42,719.87,654.62,682.81,0.0,1013.41
2019-12-28,2785.01,157.69,14.32,21.75,33.15,0.0,10.05
2019-12-29,2402.68,173.22,14.21,21.84,32.67,0.0,15.48
2019-12-30,2000.7,161.33,14.3,21.81,32.91,0.0,10.25
2019-12-31,1979.09,162.47,14.26,22.49,39.68,0.0,10.03
